{
 "attach_print": 0,
 "channel": "Email",
 "creation": "2024-08-12 10:58:09.661022",
 "days_in_advance": 0,
 "docstatus": 0,
 "doctype": "Notification",
 "document_type": "Ride Booking",
 "enabled": 1,
 "event": "New",
 "idx": 0,
 "is_standard": 1,
 "message": "Hey, new booking is here \n\n<a href = \"http://127.0.0.1:8001/order-a-ride/new\">Click here to see</a>",
 "message_type": "HTML",
 "modified": "2024-08-12 10:58:09.661022",
 "modified_by": "Administrator",
 "module": "Rentals",
 "name": "New booking arrived!",
 "owner": "Administrator",
 "recipients": [
  {
   "receiver_by_role": "System Manager"
  }
 ],
 "send_system_notification": 0,
 "send_to_all_assignees": 0,
 "subject": "{{ doc.customer_name  }} has booked a new vehicle "
}