{
 "actions": [],
 "allow_rename": 1,
 "creation": "2024-08-11 10:56:53.127039",
 "doctype": "DocType",
 "editable_grid": 1,
 "engine": "InnoDB",
 "field_order": [
  "source",
  "destance",
  "column_break_bzui",
  "destination"
 ],
 "fields": [
  {
   "fieldname": "source",
   "fieldtype": "Data",
   "in_list_view": 1,
   "label": "Source",
   "reqd": 1
  },
  {
   "description": "(KM)",
   "fieldname": "destance",
   "fieldtype": "Float",
   "in_list_view": 1,
   "label": "Destance",
   "non_negative": 1,
   "reqd": 1
  },
  {
   "fieldname": "column_break_bzui",
   "fieldtype": "Column Break"
  },
  {
   "fieldname": "destination",
   "fieldtype": "Data",
   "in_list_view": 1,
   "label": "Destination",
   "reqd": 1
  }
 ],
 "index_web_pages_for_search": 1,
 "istable": 1,
 "links": [],
 "modified": "2024-08-11 11:00:37.395768",
 "modified_by": "Administrator",
 "module": "Rentals",
 "name": "Ride Booking Item",
 "owner": "Administrator",
 "permissions": [],
 "sort_field": "modified",
 "sort_order": "DESC",
 "states": []
}